x,y,z,vx,vy,vz
0.00014752931249445198,0.022218931860538558,0.026449387837156647,0.05332337890140516,0.1541689222154576,0.04319351456616395
0.0001953268591645341,0.03838933364764727,0.08952955295693303,0.025467492123320397,0.11878916426015464,0.04072558994335603
0.000102276054576383,0.017340142281956558,0.010553211439440298,0.025639127441310746,0.20640164088572605,0.032180602237536514
6.680254202023165e-05,0.07983329568135872,0.027429978419168364,0.04566379984450347,0.2049478481494985,0.04538015218608464
6.107188048341885e-05,0.017040420910782027,0.08446857592782586,0.022029692747101846,0.12788428450893313,0.03550753717538722
8.053554888216003e-05,0.006865813837895672,0.046452557556094426,0.06923827465790353,0.05238007807833632,0.05289584710193253
0.00012041366649708405,0.06848818000983156,0.07001212324327583,0.018375896388076803,0.2759887849788798,0.08914625392227533
4.8134374683947826e-05,0.009067478171993788,0.03284475265623403,0.021109733337682998,0.19675513386688043,0.03566820406836529
3.106593936929625e-05,0.00890307113317274,0.017562124496163282,0.024302729556829765,0.12421765391359833,0.03663380278545134
0.00010155259096544718,0.031752877502034926,0.024810654253523873,0.027989012820642093,0.13270871427130282,0.030760734948759815
0.00014899584962272213,0.008055024217382406,0.06335252181739992,0.0391972741366268,0.08939973486706405,0.06708749619896644
0.00017359786429794463,0.0441037831960367,0.059025850417170254,0.03805005098675486,0.08043424641641661,0.058066632654409915
0.00014578617199633876,0.07519316457005648,0.07415550838445857,0.01587155567958999,0.21236647161013433,0.05723357678363917
7.89828313283966e-05,0.03790513656513987,0.04147201273395372,0.012617887986360835,0.17525364726298812,0.05003327051186122
0.00012013385542191995,0.13273967536308043,0.056198471218750365,0.055469894358654,0.27032867476254424,0.08870399961628334
0.00012639426995220566,0.1018414223873359,0.07909965122487451,0.09573280485909678,0.19238428617541983,0.08919353623309324
6.019779376479341e-05,0.021239402292496455,0.032784469368588344,0.02970272890858031,0.09883004905366573,0.04282409478665337
7.328637701176355e-05,0.06408630353041705,0.058218723941864337,0.02973031971463079,0.14723308484684353,0.05143248650189688
8.684870475661173e-05,0.1109747552411254,0.0043554250368671756,0.01873387241973644,0.11476968559941027,0.05128041266495876
6.761557878998917e-05,0.04527029995292295,0.043888385726387216,0.02798420024799486,0.14654791119252922,0.05643579186416658
0.00013108481681419428,0.011249245491538886,0.012659706427702857,0.01855270962816475,0.12013109597481483,0.058042931762673736
0.00012233410199941156,0.06755724234814464,0.03036199936415729,0.00840284049377539,0.21862214697004898,0.058023408995965246
0.000251593255022253,0.04427597965443635,0.053851147539334586,0.11538107827619203,0.3235179311742824,0.06944292443298804
3.966198145241416e-05,0.0654174989553356,0.013308932791307636,0.0479442781182413,0.14199397027346727,0.05764607317050785
0.0001303199197363621,0.04267952749319871,0.039482865618205625,0.06978481520893912,0.15680301882088205,0.052381960442104344
6.315789383722672e-05,0.06848796788793786,0.048936881205537394,0.01112779587813755,0.11231178906448552,0.06429609074691751
7.940255407600671e-05,0.020329495068551105,0.008651591740684049,0.03251404499386148,0.36860549067248344,0.0426442361487163
0.0001367649089169559,0.02111371447712716,0.037437694938097316,0.027957333927097833,0.02378641144568402,0.06002269194992443
0.00011691089325889372,0.0963880949858562,0.0350402019786701,0.005552935411502361,0.10963559633976137,0.06884172236988814
0.00010304144895346583,0.03809727382173866,0.05127076240546651,0.009000886313564053,0.19440211358902224,0.0750940752658443
0.00012938805053347847,0.015338758978351305,0.05965334089671334,0.12546573511125783,0.1783532725883836,0.07732515571229422
0.00019401769264680904,0.10298846907632754,0.038464739058897024,0.055266940946084815,0.10877308883487564,0.05234033103438967
0.00017734358103791307,0.024251726192299355,0.007958970055801068,0.0216019022053205,0.1790412117254427,0.047910450969904525
8.992758574153551e-05,0.014212167945588198,0.024647258319716866,0.05181200790861185,0.2453677061071499,0.034199176650179366
0.00010228653643144184,0.015952896436058482,0.07315777319741885,0.07033502152742423,0.029177055979193105,0.06977357169644097
0.00013662067775579826,0.05946567893787824,0.007695053901402625,0.04418455539301883,0.05296610211926991,0.06863423642865381
3.0600312174577406e-05,0.05470561044272102,0.07794779618095711,0.03381465932947742,0.3137725844067792,0.0481707877639633
0.0002725677937426906,0.06206360543441496,0.012296468814581771,0.06985730181438704,0.21902326731894317,0.06571253016839827
4.4240924934495595e-05,0.020286115144375814,0.06685449614487472,0.019735649845594113,0.17331390532714805,0.06679535945037877
7.055329859994833e-05,0.029298688219211347,0.025466319648111503,0.038728298026525665,0.1686734345242961,0.06672643544656522
9.296521427889384e-05,0.018654351912552696,0.08301396780407128,0.02161641896545841,0.11106079014798438,0.058609941910674646
5.338320528630589e-05,0.019283038017196698,0.09640531391057065,0.02448202048704422,0.11668684528356647,0.03883794913803389
9.609903342779154e-05,0.09204758151662044,0.037545495911887085,0.05873749568403212,0.10265849771724868,0.05212452636347467
6.089453078496764e-05,0.02752527823005936,0.0313749401545636,0.02487851474612354,0.08986101324850733,0.04046403008374518
0.0001658275822001845,0.05132383406523804,0.15516121718698137,0.033827873671802906,0.1066872280620462,0.0723193429573164
8.09235552221802e-05,0.05479782218380838,0.08359488999217089,0.052271292801956595,0.17702893833251945,0.05099066008783751
0.0001297082404248531,0.02973006234321185,0.024288555945147016,0.12134867975360529,0.14107264847211556,0.07614644308327691
0.00021295941511984798,0.05102543087537162,0.07335007881162285,0.07253817097833819,0.030987828429538865,0.0634828453393695
0.00013487245926664622,0.06921890525572104,0.08763244303128752,0.031238869858320535,0.15121917188895095,0.08200160002199748
7.004176313274621e-05,0.057171303433411896,0.010166292071703685,0.032564957682374246,0.04494449622762348,0.04923761247045632
6.996344998562669e-05,0.08326128542466388,0.021648687468902198,0.03974092137035875,0.24521681596722647,0.052581651811016636
8.824613781532222e-05,0.019696254849217824,0.050347915679821525,0.04910247290713319,0.2566980606571882,0.06734041232412406
0.00012408000889682728,0.019417957677344954,0.054990973854393305,0.0049959523755345805,0.1302044964927231,0.055127252317539746
0.0002687597856868593,0.01689200212106072,0.050119241468430206,0.02862171620535948,0.2765813071562945,0.05471944296587612
5.183289641219879e-05,0.07756239251004352,0.041508458504220726,0.042096148864439374,0.1323021111442066,0.04364702635434192
8.740771894165672e-05,0.06951180672689998,0.054682395762091066,0.0445644813095839,0.032691421028956655,0.06055073744122162
4.118736030821424e-05,0.012232088412483742,0.03053745990469931,0.006114862333189388,0.049255252987563794,0.04062547202760285
7.934639785585501e-05,0.07688477580532832,0.019168513753253694,0.08678587485242523,0.2361847498630486,0.06691187065648277
0.00011087912744123021,0.038267915442220926,0.04472717710781136,0.04787883544140606,0.032326373392888255,0.08693756637291061
0.00010030228480072255,0.02590983269629643,0.02253658939679915,0.03747443320304243,0.19284475301208692,0.03348126802344332
0.00021104151459808357,0.017330806207812126,0.03685436026650268,0.08421722735246395,0.24114717152138665,0.07104454933737109
0.00012558128655326806,0.022087595038393755,0.03101636433438253,0.032269892069367555,0.10460537787297658,0.056105744439875045
0.00010038569082699341,0.021278085189406912,0.02296663520990785,0.008845839925665304,0.06640122518386335,0.057393858520705776
0.00010329825488925608,0.03038052169629453,0.06318196137122219,0.05035220911544315,0.040512885483803204,0.065319286826944
0.00010585685311629546,0.0032028143046840775,0.14033866261757272,0.05373569098041238,0.05908013846252312,0.0716789002451981
8.370682881939428e-05,0.04204948997243986,0.04915443264090064,0.022313013384017356,0.15194418356864345,0.06498296619836447
0.00011157300366222841,0.0648028632029456,0.03138880439050634,0.06679681853829833,0.03819909102473398,0.07638581874249464
7.111079586382035e-05,0.047924633900921984,0.03796094907126434,0.02633306021036706,0.12792767841836672,0.04807444706449416
0.00017470291555353776,0.08728606866134152,0.059947633368832895,0.026728983142094695,0.26930346986414716,0.06893850435309086
0.00024734659936195727,0.02383028643598077,0.05449376613669254,0.009793309723926055,0.16913822264530132,0.04939334941621525
0.00018979069873983052,0.07571675969199117,0.041846684648632955,0.035094633188245544,0.1363336188357092,0.0673420211726652
7.729704228334885e-05,0.056152133551031644,0.011439616908437113,0.048156685229481445,0.025401356265152376,0.048445326864668244
0.000246300134258371,0.04183686555229202,0.007077633609061597,0.01751396127787597,0.24333949561566712,0.08794066722091012
0.00012419579556359348,0.03692353783285591,0.013816824378706374,0.023289871383627328,0.034149772542487904,0.08934367711909035
9.06237683521396e-05,0.019576283926458483,0.02383251036059481,0.020104334442221882,0.13240224281153906,0.08319398425874963
0.0001441024561200497,0.005522668373111599,0.05542056390931573,0.03640050225014675,0.14601481463700874,0.04739614550353671
5.522654004468102e-05,0.032150358178110496,0.026751134711352185,0.012387432578324153,0.2582468799048895,0.05988467537909553
7.086794465218277e-05,0.020475199503048797,0.03572142698298155,0.01735964274409915,0.02851417425460992,0.048761996298030436
0.00012117867410773915,0.060875329264938875,0.016334306427693634,0.07309638660652239,0.0354096002773661,0.0719186999806109
0.00012707143045939242,0.03737651738258923,0.0608552231522236,0.014257984773677042,0.21745010950950774,0.04455109548533463
0.00016232059499530162,0.09305485125442875,0.016216227448029086,0.013725974031044358,0.07002896983534325,0.06126507180542573
0.00018394613038200098,0.07041445174517753,0.026332334261847,0.07732730475294369,0.06708224536310774,0.0457007157338052
0.0001043491137043411,0.08278235899199163,0.048653397164875184,0.05076911104395012,0.07889013303526907,0.04772573789558437
0.00020051381856676283,0.06868861834545438,0.10022634140567946,0.04846572568834443,0.1817793299075008,0.07036781828827797
0.00011140847952118749,0.08107478377502075,0.0631140522472986,0.030247942520756042,0.10840174412170317,0.05322744058336472
0.00014643453833472774,0.10283527925705256,0.060286116547422594,0.02522301111571052,0.2213507398777569,0.05512265417998197
0.00010155307460791103,0.08322418724663076,0.032159650136885154,0.0687738221591573,0.1392149265596736,0.06461576940869372
3.4206944149916585e-05,0.03208019845420819,0.020377564024634302,0.009120137981217654,0.1989184327608912,0.033707780152824385
7.817168895149295e-05,0.008781271454555617,0.02316639750737397,0.03871440407154131,0.18904322300692417,0.05539921012430175
5.2288797194153326e-05,0.03133979768346899,0.03324230826276071,0.02626448804577353,0.15934295330180964,0.07916140377832905
6.356850292762886e-05,0.03644163961092935,0.04305146427315613,0.03440809351252785,0.009492140530535608,0.07804026549133936
0.00014477255035690416,0.028776780031760863,0.02221518186583168,0.003925129162873319,0.13702649054738453,0.0392612736205789
0.0001782200758714579,0.1170286059146678,0.020757604001114198,0.04968998786543368,0.08602166538501449,0.04018538744354695
0.00013694707509251462,0.027288397772650654,0.04436681438244299,0.03137261930397347,0.4863728946596416,0.05819003518501549
0.00021278129481956955,0.05367208986039843,0.044140592215583856,0.10339800115147905,0.15601886887171038,0.10393162740132902
5.607550850100276e-05,0.04644043792440592,0.023005139568302312,0.043854670255017915,0.16308947548768696,0.06499573879753501
0.0001408289262594246,0.1153186286108625,0.02171296044063041,0.010159040867152263,0.07626356582082568,0.05706337142107914
7.928101318023468e-05,0.028132093505072925,0.006253934451166953,0.016370419304721412,0.20592628228501397,0.04146146172862542
0.0001083830881957693,0.0520005722492486,0.02604130412115761,0.026474041402041588,0.061625377028472955,0.08219297780794531
6.515801838379044e-05,0.05234394695111976,0.020724745391285087,0.05340583134813619,0.05791610122802933,0.07721460032313723
0.00016705611953010175,0.11175186196050257,0.05998614162109972,0.012397927436631205,0.07445770964552616,0.07938718385252554
0.00011929270383785869,0.03147707129972413,0.01968843885083004,0.027766693491063973,0.23389123189435929,0.04238305760310929
5.427453191862366e-05,0.01695974411847418,0.021661293527007113,0.02254901460852214,0.17117166610686896,0.05077685330962087
3.905339449223635e-05,0.03338724063048835,0.047332791191347916,0.018036988985620974,0.12267325931627773,0.03896087786383467
7.592041865011916e-05,0.029146604038206448,0.026477641186428497,0.021476641342635702,0.10318604913337634,0.04168006561179867
5.9126260837998386e-05,0.06710757497590805,0.011518134074498265,0.02345733040563125,0.17573865997663282,0.0773181489384971
0.0002370243969436349,0.14637305146714216,0.27539990800733355,0.18538802052422834,0.05928114409374865,0.07379824663787582
0.00012091617521367814,0.0170603117076006,0.011209259450879238,0.04322030257800658,0.11550186848569301,0.05158346459210185
9.150887319904622e-05,0.03342126756808399,0.009432029313492034,0.009433826461263173,0.18356076289428072,0.033060053971127594
0.00013767346178251064,0.020108846076418756,0.04948564048929364,0.012096221552648834,0.0886312591299943,0.057937544826099176
5.5524492863378133e-05,0.007161183132724917,0.04119064395874937,0.00497660075534625,0.2481089957238712,0.040966911057996686
0.00012653167424036844,0.07152842356655247,0.015581395765023109,0.022951942237310514,0.22085200938648022,0.07424024992513897
7.314425435322685e-05,0.019015191565229586,0.0223749563295532,0.05473011467550863,0.08524453600790378,0.04860849065216505
7.135077387503751e-05,0.06329456989042699,0.049769486451832226,0.072374720831026,0.09473571777826062,0.053022265988602435
6.652991988092795e-05,0.006998934864734366,0.04825568742818983,0.009487548770264394,0.14394347504263055,0.04096004980380945
0.0001462151296908257,0.08951440964803505,0.03038642255630051,0.10724592614034913,0.03622790657502067,0.07102689442033168
8.025872002775755e-05,0.037055317228418184,0.013051158487688255,0.023307745133746366,0.032239079383083374,0.06425948598474929
9.298014909979463e-05,0.04347292649993166,0.007761812756616056,0.07511705345245791,0.13324353135261005,0.07385868968340842
8.141290772054386e-05,0.13469576899346847,0.06896947236993686,0.05658834101969681,0.11435750288541242,0.0666673684972696
6.0680286175014867e-05,0.018170846564780224,0.032484843252761714,0.022291200109871394,0.11472241717223572,0.04198309105767506
8.165102888847653e-05,0.07719539481349512,0.021991796959585107,0.06680189837881512,0.14408902084074682,0.05376235604780803
0.00011298635063894376,0.08293377166296281,0.06558252960572139,0.04971138123785285,0.059611574070476875,0.08784063416398562
7.19403715532e-05,0.07301366997382329,0.00714174758461984,0.07275050933644933,0.16651839568737684,0.057846528588426524
9.168817724243672e-05,0.044792266379367784,0.09723576530032739,0.08302139874362859,0.05879491106532962,0.10119552278092044
2.9086803719903628e-05,0.02376781936090856,0.016060967104664307,0.05157844652006995,0.22204861086588593,0.048199626615993335
0.00010836928952547092,0.01705745569476554,0.017906148163141743,0.0042752715390016295,0.04758160139027777,0.045505059717178754
7.213456064762296e-05,0.05290325500220502,0.04858282477488669,0.008541948533535067,0.1391421399613252,0.04750009928233526
7.402614610885371e-05,0.031419621712534825,0.04741507712039672,0.013516138723890915,0.13235421665230945,0.03493174307376739
0.0001424382359985458,0.012407296800072793,0.026996752902701305,0.020137078891905993,0.17464763242000866,0.04685214482625114
0.00013365742007807906,0.03672915060048466,0.019771496086073818,0.016064956442229127,0.034417987267872215,0.07272131670433839
6.120000553081638e-05,0.04348255762076746,0.06013600569723844,0.0895397569038081,0.15815723683048863,0.07880323880326347
7.108884449674992e-05,0.05172100468336098,0.017281111491808505,0.013009553404294038,0.13243754732807467,0.056066867716063465
3.65394533982996e-05,0.04718990907962365,0.030689642054294055,0.05793402658748433,0.05022125097112825,0.038556084093891184
0.0001890462430160096,0.0815181190307795,0.06969685733758078,0.005791774686907174,0.15854425255330346,0.0936064339614307
0.00019994030965707693,0.03786869753621106,0.009005614153134294,0.06469240940729104,0.24345845545797315,0.07204102237165322
0.00017932433499556454,0.04899585485762769,0.058558254746093885,0.016694703500517803,0.013775086256826427,0.09166153773107019
0.00011792104346733758,0.06801418149828313,0.0022401578489590866,0.012627460375299524,0.03578451713853783,0.05281698629171451
6.467252190675358e-05,0.015396947906444627,0.06210030834945822,0.02484878851579641,0.15972834377906117,0.07029832180707885
9.705304364980409e-05,0.008731918952033292,0.03514064375628926,0.02322251479972664,0.10998629211209322,0.06853154334801544
5.088612119457445e-05,0.02979848474962851,0.025568877629478588,0.03928449650076202,0.21658139371692245,0.04367394111031855
0.00022098859889617693,0.07342723889472359,0.033829206779555226,0.07073507277527386,0.1395780942859697,0.0938266776345943
0.00018069302485006818,0.08787890228899836,0.02835620147999456,0.008201471579332023,0.06163312486994229,0.07788667954226894
0.0001780041433778546,0.00937296252983974,0.0692074131712145,0.011160955761798517,0.20437364390898913,0.042561750244753
0.00016049427960210377,0.028473334096726335,0.06938789211144596,0.034779858829123066,0.10626298165909474,0.05404604486406612
9.308293323719816e-05,0.03201064965389859,0.1033685063514216,0.0647342153300092,0.024337210883626777,0.06716358936026337
0.00014199083479346836,0.06261381589342772,0.02672233400408491,0.0706915433417626,0.29718349621094753,0.0755417632360776
9.560773096575133e-05,0.08966687626136226,0.07254472867110251,0.08010474915227071,0.1061778194968064,0.06782274441463652
4.06084126356541e-05,0.0344594067353096,0.009691688949152136,0.014494732989680239,0.05702474631348942,0.04035160376741221
0.0001119756202643235,0.02617881638219529,0.054377940646627994,0.07238557935939952,0.29920895695444166,0.09241504857980344
0.000120592461596477,0.023484309069362982,0.044378928084041994,0.042045824308682624,0.02135646176958242,0.07921965039118818
0.00011990762849382373,0.019922930247010293,0.032195776633667315,0.020541965290963516,0.0561739283520029,0.05262137297895301
0.0002805256011538677,0.06956634215674429,0.07074613188991785,0.04657950510354697,0.08860591989869719,0.07859171121165139
1.4878698774242629e-05,0.03567568827384021,0.03105962258878425,0.015474063819348462,0.12250751217256643,0.029377125432890346
0.00030447119048517365,0.06797010512491772,0.04540617605828801,0.04313674035768139,0.24978904802540788,0.08820877239004607
9.211578520975099e-05,0.013920415350185556,0.014489077698496416,0.033555844670650904,0.20590427763470995,0.033221499946868016
6.277203588941635e-05,0.06907841594849057,0.002655934882394633,0.019539799240406577,0.12391968707677015,0.041362086682526826
8.948587842595669e-05,0.03242744940231323,0.08859523958624092,0.029870924149145963,0.0973543527878826,0.08174597356160077
5.4624362908993476e-05,0.046622166742389434,0.038276954054153586,0.04564900846386335,0.027627842888157277,0.08300177395478146
0.00010125486235052278,0.024887534457422873,0.0250895082575024,0.04934748011070626,0.06091026889565257,0.046203404015358454
5.898882293272497e-05,0.10946285898916244,0.023201837369255147,0.07107279612906438,0.07666604993387731,0.05582657848399441
4.1478974583220446e-05,0.016820720332873386,0.011228832766020701,0.004574099034972695,0.08747771524069832,0.031139065559198792
7.391343974919784e-05,0.03061220989392951,0.01820894133167716,0.03804801051984109,0.17264272588853105,0.061772382369955296
9.842351687989184e-05,0.057005556093592286,0.01991805222111706,0.015339481949407374,0.15154436533816276,0.03989206135592926
4.5606191385952134e-05,0.010000406477553143,0.0034232879494062985,0.032665701544146795,0.1594069998129675,0.034542757349613366
0.00011319842944188466,0.06563775233215866,0.070173417487608,0.03963884459217514,0.0388861370958526,0.04941069816637471
7.770393186049041e-05,0.018959824089868446,0.012780332120852894,0.011339792835810701,0.24823133293024982,0.03771374791707007
0.00019825483483469657,0.03031224022524787,0.07349833845514644,0.028946462877437292,0.0579145856579745,0.05061773379096275
0.00011981020663316722,0.033169708220741355,0.031233067144705452,0.03332130209938708,0.026810967213169237,0.057645200166105935
8.229776447726353e-05,0.059171949280330094,0.020568947710793088,0.04031907640573093,0.16061350791212964,0.08686739299201705
0.0001082997665335123,0.014421326858030336,0.02770389977268839,0.017943894963613018,0.02737461770149566,0.08013416916409495
0.00015456166127854115,0.025713951470367855,0.03934754139223319,0.014321233537518194,0.05819495129909752,0.03472432171271268
3.95315509365193e-05,0.010459166941040238,0.01680989021270987,0.00584876762917207,0.09731072761583119,0.03918247367279092
6.132957698033959e-05,0.08526382937639171,0.02899678338048351,0.05389597505915207,0.03193834407151518,0.06471840668531201
0.00015802679778919034,0.00945378311874409,0.023591703313235353,0.04793941512769159,0.05336690957364541,0.056079871287643177
0.0001180000670142175,0.06492151620027034,0.0332900626883562,0.05083756603044942,0.1406063619497783,0.05092405081389016
0.00014707381754468463,0.019564623144626706,0.014990083834701589,0.027589152360251615,0.22802272020085723,0.055439985786275445
0.00011132690502198998,0.007534464446173117,0.04410113861666737,0.02796945622122396,0.04397157642813294,0.06842412457678734
0.00010974205365537828,0.0362336469108925,0.010710743374971939,0.06304014807065893,0.16911796113282476,0.044656370964929325
0.00010267764928055149,0.043688760679360096,0.073351575973814,0.027012272205594393,0.11707155345313122,0.034032357004043674
5.51834369370009e-05,0.011479628821925984,0.03615027209852883,0.0815626409763843,0.17393441854808103,0.04051587296195736
9.139390449221494e-05,0.04571527074345948,0.023957651015973424,0.018888757590342756,0.1648086211973755,0.04220464569460597
4.267757642096888e-05,0.05357760215505355,0.01362969929140549,0.04742343660114447,0.09789416748863279,0.06706578899729829
0.00012950985889919223,0.1082407374013753,0.014588139840115389,0.06772621006502283,0.1644156442095637,0.06298750996311647
0.00011973573191591219,0.023978055409351443,0.030146361631567524,0.07779825506287512,0.0753840161812446,0.06981334288433783
4.9985924898244e-05,0.010006388533531276,0.026107489056390758,0.011074849975016421,0.07756872395255754,0.03704725227851346
6.214516620655364e-05,0.017592484256721937,0.025937566822869254,0.03714678394121201,0.06448461706230456,0.052668433104129476
0.00010754611789310504,0.009047995935288163,0.023047865086429888,0.02878071105698694,0.1888729930983391,0.05745187983373807
0.00012122387106945019,0.04945925145646477,0.022397164890367038,0.026170612535382696,0.10215233129171086,0.07103448855986208
5.750843978411706e-05,0.007498744431682046,0.045025857006745745,0.01488885061409269,0.06561368214561299,0.04139514611427998
0.00010898230800321849,0.057018406252022855,0.025399711754950507,0.010247845198118557,0.08752541339032373,0.055566927411275224
7.498778171362109e-05,0.09855573949816082,0.028330777905825333,0.01968633961225178,0.19796709774835683,0.06073770388818719
0.00014414785471465903,0.06184620638441664,0.01943561988785448,0.036370168278367476,0.3114988087790075,0.07296792016060658
3.883469418199655e-05,0.009916755181701549,0.032351009231837785,0.022511699436958632,0.04853223635108081,0.040368725106554745
4.419989077448078e-05,0.007976433147983509,0.018697600998607847,0.019352310950033574,0.1588487231071624,0.03174501509589831
9.938759353667951e-05,0.028575011879169342,0.017220925503773958,0.022586126221312453,0.09952586015042311,0.043312219498450155
7.158158674968014e-05,0.037612059174376204,0.05109532856632755,0.008415154106117418,0.11634489663349919,0.05069839547163902
0.00010497221702976688,0.014509325248484011,0.0195626939411652,0.03044756116214479,0.02641686233713161,0.05526796446305915
8.754514653788576e-05,0.07392314062119376,0.0825935388170874,0.08141620068779011,0.09261506940149039,0.06423435352164353
0.0001085370782180454,0.01734826704880631,0.04170709303005809,0.11198169380020875,0.06058206322265066,0.0786071422939437
0.00015474076087466533,0.021105177436736785,0.029057379011348812,0.05424786592912973,0.23519597165106929,0.07357333880812736
0.0001162985933045995,0.033195967016907725,0.0355180908501444,0.06876041819228475,0.10814623696271028,0.034528588965349535
9.825126771007056e-05,0.08025385235499218,0.11356057215893182,0.06849181859893703,0.23405392216903753,0.04214817228813367
0.00011936610637589863,0.021272022041461416,0.05009204217371258,0.025626820248298005,0.12416745449834561,0.043359981946945174
7.261614958169371e-05,0.049548800008668195,0.02257670039224652,0.009907366662463031,0.13502465601649707,0.037776322007704935
0.000184189097944974,0.011801477200082107,0.08962560020487151,0.06698401933819166,0.03825438307957668,0.05054774450793107
8.63623644977018e-05,0.02578696745450085,0.07247603670491655,0.017535831418164564,0.1724466803609582,0.057756841985600556
5.602094195123258e-05,0.03217235151113749,0.022112934873516593,0.009751609834499114,0.16445137204306937,0.031343341774981305
7.94302476607056e-05,0.06651688854404049,0.013394510049644466,0.09044178571294884,0.20080120796508158,0.05262409588951025
0.00010396544272668954,0.021836926954779384,0.019794368819667674,0.006498184616856581,0.036183815225055524,0.05891202694771397
0.00020191644968158896,0.0902576796087041,0.07461081971908366,0.07440123827176086,0.12571032451144346,0.049235103820367374
7.393154389012537e-05,0.05485324328557695,0.028039836428795463,0.07424021971011789,0.07318143992481413,0.08724906169134823
0.00018352368791607965,0.0601923644959863,0.018974465268895558,0.039911524084149504,0.15350403378266173,0.05924185343042308
0.0001014506243082732,0.01639054136845297,0.014477704804612013,0.08254449220308296,0.07497211461499534,0.06809516577621233
7.56625889142307e-05,0.014086975858201973,0.07238937690739265,0.04073720233827956,0.1099563908954411,0.04693053776535316
9.07302795319681e-05,0.04255688027549012,0.03498597167686135,0.03465077717334988,0.16516491548505632,0.05426993352610444
9.565659279036533e-05,0.03064856131701182,0.013983119244259639,0.010462262330722215,0.15991040409122945,0.06313252990810275
0.00012383978080884932,0.016367103221939544,0.059975623468531185,0.022419875918449052,0.02707926057851318,0.10317716120250828
7.624785322978631e-05,0.004692444345482035,0.027315876028060935,0.012626548726162624,0.10687282398830585,0.03662452178059506
5.773237803340021e-05,0.007053355702579991,0.051577104217190736,0.004403620302158496,0.10964926492087,0.057674800160108536
0.0001174561754935386,0.05774660515427686,0.06948668251845207,0.08657014692751674,0.09552241132404056,0.07457223011365814
0.00020070762476348712,0.11412661195956283,0.01906417908419143,0.05388312832317579,0.15658621932468045,0.05148336993716855
0.00010921553423922127,0.04566533965341322,0.034184870743894306,0.044020692462310114,0.1343327304409388,0.0636713201219111
6.411495243581239e-05,0.03160074705836321,0.014358350002159728,0.04226751581570246,0.2018948373039385,0.058739042305110754
7.749540084907154e-05,0.004872476625884465,0.01658895055248766,0.05362791780749567,0.09998024076275842,0.04006238552065422
0.00012100916169779435,0.01576917840448437,0.03149935749622834,0.034906771238838265,0.19094196275451175,0.05524592831648753
6.4795734809574e-05,0.00859462217592691,0.03918200403125224,0.030801569854967577,0.07276087888002655,0.05292225528132131
8.390894994797976e-05,0.04531812299382994,0.0587437141285961,0.02480126093694804,0.14492630304287255,0.04385338838712699
0.00014652756203176615,0.17464159944669996,0.02779857499928899,0.07004381786229899,0.2784093594338309,0.07956436162955147
0.00019651444756851365,0.1012889721552247,0.05501740247349496,0.08976548165008154,0.17499206678790144,0.06933441109324037
5.830739559118425e-05,0.015503083752992643,0.012519704302004855,0.005576757015856085,0.1361119038749727,0.027771178990799474
3.800236381655528e-05,0.0591549826106687,0.026730535432363114,0.03769497044849855,0.09100345529178208,0.04902596631948866
9.206180978342303e-05,0.0069604609571908,0.0339256836744737,0.007489332169514755,0.1439532176996601,0.04546763167090839
7.236400211892533e-05,0.0392121253008445,0.02703483639639504,0.024858292303143327,0.2354497077111779,0.08529776275215564
8.350740990969882e-05,0.12017496620171907,0.019990118581827778,0.04175109567886697,0.21708875451454393,0.05488750760491297
5.266008205227713e-05,0.06801488302432901,0.06458321843300344,0.027463373209110943,0.23785731315762756,0.05259421513967928
0.00022544150890874633,0.07352884950931254,0.06519439567981644,0.0437250706633456,0.11449816616085222,0.05019244656407247
0.00015934210457842375,0.05823749533534467,0.08303956062578689,0.019585513789182656,0.0965525601573461,0.06087269935422393
7.108407355341572e-05,0.09354857380824846,0.016638570856872786,0.008128231596732557,0.11767687304475534,0.04012875465090309
0.0002028255455606158,0.1013910694538321,0.03312526159765036,0.07498873104427492,0.28927639177922604,0.04911026675202267
5.637244364679621e-05,0.040667667648554826,0.012961078139559191,0.014024126148829636,0.11633347969031414,0.055197363244811684
4.400235644146142e-05,0.014043843990720149,0.013599650219515303,0.013662377597159537,0.04621589468042175,0.039237103874879706
9.083717826839868e-05,0.011233309351696356,0.028555658396110493,0.004259124668928859,0.132713369562664,0.030919180950071828
0.00011527847659870896,0.10536658844439975,0.012213720663924323,0.06940555617832622,0.14735378095465496,0.050641200597206594
0.00011332835658660188,0.0525594842472881,0.02080656762101549,0.030889216355145348,0.03579764129456828,0.07221956255620111
0.00012424088955188055,0.07249919444607328,0.05520196859724599,0.027141950057078548,0.08332316901358144,0.07513522188185318
0.0001847194783173289,0.03999134303761975,0.06319146284568056,0.045809615612435836,0.0390685519399052,0.04271766114174991
6.457947370962542e-05,0.0674698337997967,0.06613558368304513,0.07595150763731526,0.246806325513029,0.04640077512470996
0.00014957430819489032,0.001591402592444143,0.018344026911294022,0.02147066181568891,0.22122631502417942,0.05255650153853464
0.000113441944101264,0.025751425568730786,0.015690652238728457,0.006862781748545822,0.20033294080539746,0.04535634661863281
0.00017938613925864408,0.13644383655960007,0.07947800633697234,0.08490368662856536,0.04623829259535318,0.07360771330590261
0.00019807962438388732,0.059732119984176456,0.03597861309960401,0.03732649900232921,0.10324069223293243,0.048212510208823285
0.00012788749654462115,0.01775017757704749,0.026578783691775087,0.05841699431655389,0.14797127795478485,0.06213755924544854
0.00010749135450206444,0.01296283710700724,0.028315457519328478,0.04005890330393657,0.08602596560110064,0.036770216967394624
0.0001189303746783841,0.07879273375290756,0.027913521050617573,0.05465874405557328,0.13602530638522953,0.08452088325433779
7.02169269938592e-05,0.011543336587409808,0.006195539768953861,0.05993455017820653,0.3240114686310667,0.060374854540646776
0.00015004638931459308,0.019860860803948725,0.017991009412734245,0.04796524436644144,0.25094206044797185,0.03435559342878184
0.00012733024905823466,0.018863385011689007,0.08756791736474549,0.009001129733851214,0.15068707286492775,0.08131248849477159
0.00014433442403700405,0.004574239908527802,0.055322317264806124,0.017423229338058364,0.3165132145446323,0.0704582429881733
8.636391869691662e-05,0.014813260128338591,0.009637881272937614,0.06472733692459023,0.20027399417486708,0.09772082699396006
0.00013261271852871867,0.06923385021418707,0.020001440213107066,0.061484986488824604,0.27058110658459544,0.05252034933187955
0.00015918125103028344,0.03791275369899414,0.026559055925700112,0.0645038999748351,0.25767329468555283,0.06273408492949864
9.478322659147435e-05,0.033998476739322936,0.022433725421779703,0.006400980675387709,0.18454821735186067,0.04575095962682808
3.364700470507549e-05,0.014528667800615888,0.02333318134711343,0.03769401329284371,0.21873267667573476,0.05921797273659524
3.969632783068498e-05,0.0768921918231243,0.01057129519106703,0.09574387196514124,0.2778767627060573,0.048513835254335745
9.603503593159327e-05,0.08541713641383696,0.045445437900960645,0.06566652209026279,0.1503230643618982,0.09408854791650706
0.00013560198204475016,0.013021633505527302,0.024676867048133398,0.004655501316089778,0.10365061135937696,0.03383176780218095
0.00011206846750969797,0.015045787834777563,0.08657276053523989,0.012998993103280851,0.06842741112465615,0.06839872526343414
0.000103350214693744,0.015887968049448777,0.03414110476997501,0.013485098733183024,0.18748417718506571,0.06758560293748796
0.00012925029042101062,0.048893079413949714,0.009872894649844886,0.11583029280100064,0.1846863392452955,0.07253960446577433
0.00015809604571589853,0.0714779694628321,0.08262185744999406,0.04741249891250626,0.10863427415217718,0.05925845351856813
7.953046674521029e-05,0.010666470157492567,0.036430104142884535,0.00751948108811308,0.23505802315966282,0.05392514838185082
6.848396689586153e-05,0.023546086395964946,0.017850698068906608,0.01983393207709277,0.06798388860989785,0.04592019716632226
2.462918295717231e-05,0.050171739575296054,0.05807346126691284,0.04824789887114257,0.03358795365107204,0.07574079305818121
0.00016556266932381055,0.06444941385171106,0.015308811053727113,0.02956287499630633,0.11750007541283866,0.061897219140207516
6.935043829799218e-05,0.07587863195072084,0.042747770913826394,0.016593575577617335,0.207259967866662,0.055135253338397944
8.642167333166684e-05,0.042952296117123645,0.03235253495477159,0.03390363441101174,0.23203702392210845,0.03751491643103989
7.170350779646112e-05,0.0639644242709872,0.06369082765629801,0.06548767776532764,0.03496467301226506,0.07891549228669803
8.595298606784682e-05,0.020858774010888398,0.026874130084242442,0.05268788393323217,0.1211116034278571,0.0701156505501646
0.0001304210050866288,0.03810585368971709,0.05830909978974847,0.04874454308540901,0.20434145364417813,0.07332195165817763
9.844631963453607e-05,0.04650445532765737,0.05209169169018487,0.013793584041360336,0.03909040605210987,0.07165510387319651
4.184374693990352e-05,0.06009657787552856,0.02334553963668518,0.02419234854730364,0.25677284338853107,0.05690774769109773
0.00011943411463965834,0.019172712715104016,0.07478028388971188,0.004862533116439552,0.028962909472637095,0.06014728003258767
4.6093689232941256e-05,0.03265386923806743,0.08517605974232129,0.02023883271771551,0.16854177681218857,0.051202283666283634
4.130456432616391e-05,0.06320291088633212,0.050108450609169734,0.07034530398847628,0.062152101891516036,0.04997299133627056
9.067916469026798e-05,0.011585424318522183,0.011781393745747791,0.016823431398956527,0.11602060517293174,0.04035621084224087
0.0001245301292220419,0.057164490711522783,0.06908671212915087,0.07063237897682927,0.03934843598011973,0.07339244449288221
0.00015973303403337682,0.04669408666461869,0.08061190876617241,0.043134772054893286,0.01087008635096057,0.05349207453568133
4.617574922623638e-05,0.01455997452934209,0.011520815951587134,0.1010372914176635,0.17920288907800364,0.04838995974276074
0.00017991164651214435,0.01495780193394215,0.03343394676314765,0.0036463853343685674,0.20606393120738256,0.04353914873024964
6.170170549388334e-05,0.03234122841970471,0.021867469821593197,0.03170784053449665,0.017342852966610832,0.048526071926706056
3.184158079394418e-05,0.008495130110926953,0.013123410619833064,0.0136237383145584,0.08735673527882447,0.026933112884118805
2.8412923805368616e-05,0.03264575581101688,0.03665007391125281,0.04320761292416018,0.09218654816666544,0.04350211989433641
0.00022532628891118388,0.08294807066596166,0.03822448754197386,0.05942654036796142,0.13521941882947994,0.04701484625663389
0.0001031865882965274,0.005091011019368845,0.036190889581766666,0.03975854709172587,0.15542473139829904,0.04839193057264155
0.00013853091953704272,0.020605332945428913,0.11009890656490699,0.009341029836433014,0.08784836098483302,0.07455681523665197
0.0001589811295924151,0.006523939084031749,0.07212668235282467,0.015195790385718198,0.04891874404422321,0.05524051446497271
0.0002026893174334837,0.033109446903142443,0.03232674897358406,0.01268130120963226,0.23765831700324203,0.07163836994313501
8.030590698555361e-05,0.06399879730860236,0.0979629787416893,0.013795526471785485,0.1867513399781296,0.05003876927631797
3.509970857056787e-05,0.027784852192404265,0.007684757603101415,0.047283578486398276,0.15733321039057274,0.05366209171666164
3.5967094128860315e-05,0.027077402633995728,0.04009059560148905,0.07803875420256043,0.169026709353914,0.08246176681404414
0.0001786016745548314,0.09472715767334117,0.038721539127223,0.07637254098467516,0.21428811095381753,0.08537160608273324
0.00018751347792314915,0.03171769514839971,0.03647367675490325,0.021514929218000887,0.07864078136077958,0.05002349856067423
1.6316196271134454e-05,0.016705343375440142,0.09186983116448533,0.02062352681578269,0.03663688415792492,0.07583292968970548
0.00013041249512398155,0.041218065477966734,0.02007867086073024,0.006575862169873517,0.15295126671199027,0.0547172143807922
0.00018502849861371082,0.07439741295198793,0.01342617927747706,0.051685972541540295,0.11693572066029646,0.06056296660175018
7.038952587602523e-05,0.03685506654214883,0.03911834756455207,0.016336951380177905,0.19074772106680687,0.05671581220054125
8.606240034906129e-05,0.030330873516140486,0.08912342837095798,0.06770038371328506,0.06593026759250409,0.07220729823300466
6.601631967503675e-05,0.010824077737431674,0.04291254375257689,0.06310711679922681,0.14195891036829564,0.040303346500900394
8.150732672343802e-05,0.0394669319528038,0.04709722426600167,0.02095907216444051,0.10879980007519173,0.05562711723104506
9.880513734552077e-05,0.03567395585386351,0.06548817609538843,0.02712018849879338,0.07285876910511054,0.08467358731475243
3.2460643392641645e-05,0.010090544247678766,0.041586984998004686,0.016308108577733214,0.04092653279527676,0.0543655110501444
0.00012575667726298664,0.01816174338897083,0.009404305281692733,0.0541380605785571,0.12380073572556215,0.0682554147778437
7.835772729333525e-05,0.006281007447972494,0.020990256394073713,0.030469019553411823,0.1618738516705898,0.04491408582904385
0.00021215447926389465,0.008433570581811229,0.05103140243513071,0.02648765405540539,0.09464266344717641,0.05473152191756148
0.00010222235743482849,0.032441079265836954,0.014311150725019615,0.046747741264790706,0.08419785265363569,0.0425093808009652
4.0849932141526436e-05,0.031693204746565576,0.014841425441417533,0.03410947140405649,0.25683483459434725,0.04959072895490282
8.315900692115566e-05,0.08999598860205271,0.043107302818423454,0.020421359057083654,0.243352438908109,0.0492278290098925
4.12877390978612e-05,0.0054763862468923475,0.008705057167085374,0.015228992144218969,0.2143467812884342,0.041655503777391814
8.524515830201345e-05,0.13810664248366197,0.05791783396177326,0.09935718582414735,0.30803945439093866,0.06617764737393748
4.802017613643241e-05,0.025154923273727637,0.025800751866942192,0.030193614844529836,0.21577199363482646,0.04620073669043711
0.0001488479249645954,0.01122765472693813,0.04302787113934732,0.05106844237479635,0.13591959823160824,0.07336767140185987
8.076154680436816e-05,0.003479819412473361,0.019672912191360976,0.10093813923381355,0.18842553403961473,0.07908668375196998
0.00012056478170181121,0.055669396754617996,0.06903836313800348,0.05061154193717735,0.3264906772382547,0.02829004276870174
5.398298306602532e-05,0.019158635932091397,0.018885282544426153,0.049199628861269225,0.14911993740438825,0.055161664208189916
7.752551736381595e-05,0.026366400382575837,0.10586363866304128,0.07008244118316609,0.24959305736015544,0.060819664073603265
0.0001302093322614493,0.023751882514803736,0.02177675511608087,0.0199829233591596,0.23618905087252837,0.040567434963519604
6.38010557986384e-05,0.08073193630967655,0.013948798509828742,0.017506462111516314,0.16308643200688439,0.06475432830113727
5.9164168401378737e-05,0.024702854009802027,0.09153666187778602,0.07983510500634736,0.05753080211606667,0.07884292678485835
9.466337287073065e-05,0.0182748118316185,0.018703751449569633,0.05975416993737708,0.1964615503960664,0.06051343094254214
9.76301579556121e-05,0.09484670271436381,0.013026164400466056,0.022354825596486497,0.12852703055596015,0.06690028993774463
4.709189839655877e-05,0.039756848677544296,0.03339803217269555,0.01668348167166683,0.2993532779788738,0.040229188992930966
0.0001713465852371955,0.04634084197690462,0.014739373809875696,0.014388607512490287,0.31769823138337555,0.05498702670635419
0.00014093216582592596,0.0066527681248361335,0.05876783359280739,0.04654589797334036,0.2731991036722703,0.06176365060843901
0.0003397276737758249,0.1624798139512043,0.018798464941254384,0.021685336157784535,0.1528048781524847,0.07217425242791703
0.00011618034477668657,0.02707921177198718,0.07708922204235617,0.045766809540815315,0.11012960329697491,0.06214942130494014
5.1669187596437505e-05,0.013822201659918067,0.028919252471859044,0.01582729950165532,0.11488902980376192,0.03739635573108468
0.0004396945176622207,0.07016412587364608,0.18083732512315126,0.04449976880494663,0.027613552428876077,0.0939449855577962
8.329668128921288e-05,0.01844427675811976,0.0369720930850187,0.019806120786344646,0.055606609875905995,0.07625218970841015
5.617956928965198e-05,0.010185541195606796,0.01299317010244425,0.020491903711691017,0.17541676766291536,0.03188470004267583
0.0002602648345093534,0.02779967699140519,0.054231450209974476,0.032809870375902016,0.27186138938166987,0.06467250258108394
9.406863889339623e-05,0.03394378478553206,0.01549254987608139,0.03454942455422307,0.15471809404250672,0.04563990825645374
0.00011373471874216479,0.014434838298821561,0.041217615237823906,0.09450740633525591,0.09811842461024707,0.07691141050919492
0.00013513739252259067,0.0553355008770167,0.020705255953005593,0.015327404604673724,0.19004313936806136,0.058198311381618975
0.000210039087514414,0.06145056592800289,0.01970549413772299,0.03911335661344932,0.17775854996745857,0.05788425880994873
0.00013822149400751976,0.034291432783320815,0.03938639379105117,0.03939148967204695,0.2857287810989916,0.06536278943623323
5.347220200939352e-05,0.026991044891308616,0.08239550870212087,0.03624075331779984,0.15016696737739868,0.03737736028376117
7.524722583904669e-05,0.0035198670780299587,0.07042518191278814,0.029423877273754298,0.20718571177297612,0.06669755173823744
0.00011551115027070395,0.039164753757345315,0.04309025426452585,0.08159940113005093,0.18993161987439663,0.06243969435153723
0.00025588509288515906,0.17083518903696165,0.07822662130458508,0.06077054791411192,0.08875460894800122,0.07140173578554257
6.264299267392958e-05,0.01674748394841247,0.04863982297749994,0.05656942557518665,0.12417705471123541,0.0794230926016822
5.16060776423494e-05,0.03770474024378786,0.06399853050465625,0.023988230843058924,0.14815845082229626,0.039557129977010316
0.00010053900542057323,0.053216155608613425,0.020824117591316124,0.03299525282539018,0.1605342723412566,0.07917039357053117
2.2158921687759867e-05,0.015502564198704395,0.009510771620111281,0.029478269156342603,0.22340439342001667,0.04647275032588577
0.00016555081816231487,0.045015574129931714,0.01917195074945854,0.018985561703717034,0.26964961411033833,0.041558711467201866
0.00022118965891213438,0.04493210966151035,0.03838298819265062,0.05672551565398957,0.20182687245951816,0.08031717731513628
7.67700492641653e-05,0.04089007778958525,0.012580226878642409,0.039685201289146786,0.0350694086256934,0.042416924953982145
6.501917771469277e-05,0.027491112342652068,0.024719767666941762,0.06972050407499436,0.0313483351737611,0.04462555587890607
8.669564462951311e-05,0.04095973012202222,0.008156489564301773,0.09376547791296132,0.028916723244792723,0.06602583034241954
0.00012496764555127536,0.1305540387121508,0.06048744091818399,0.04639993538887173,0.2447192169806449,0.08287451476450648
5.863446456364905e-05,0.037744968491484586,0.03007421162036994,0.022397380763276565,0.33409172086330324,0.04105636309194824
0.0001991009392727673,0.03398979524171238,0.00883865653156218,0.04297017222254787,0.11119357242175891,0.037236536475362327
0.00011205662619642231,0.04438094355794976,0.06539509872561416,0.015789113930497003,0.07290863980540084,0.06958226870068905
5.8616672656992514e-05,0.007702676952928227,0.012642798046701363,0.00653016599400464,0.11937467740170533,0.03291703438198299
8.45757760312239e-05,0.027682121839960994,0.04188359933721485,0.006576988270442494,0.0679565288923339,0.0322180433982915
0.00011096161225992383,0.018190226130536002,0.03159230238816294,0.05662407394503374,0.15580908489329173,0.09068583652716349
6.559402570351738e-05,0.08751022803075967,0.027744267786494827,0.05493239864525583,0.1044948032167094,0.045163014773779576
0.00020772457893051817,0.15085654027958054,0.04431378532277349,0.018749509826979375,0.16578632609109908,0.053789228753773954
0.00012609090980738428,0.01248784646774199,0.025155809598035997,0.009762548709699946,0.18555255478252894,0.04578790915536309
7.905057501657035e-05,0.008768052184708983,0.05310399256841204,0.03894612171171637,0.18563490442910788,0.06285127678772409
7.79744439660617e-05,0.01668628444727201,0.017055207627162422,0.004874128888279502,0.10280477018119318,0.06759844579957842
0.00012367930543047393,0.05200711281433289,0.015779343825880938,0.011577054538060952,0.23312009788496585,0.050015895545974326
0.0001133104497900825,0.054383169097255823,0.07946304674517983,0.10981348892458209,0.13360133121331932,0.09428862971638088
9.822744363429094e-05,0.007625251083528575,0.027693742138265205,0.005192887866958929,0.3112184681304404,0.06703584090404414
9.717569418226133e-05,0.015533462747564642,0.02122726519043253,0.001341243141560124,0.19984307878416657,0.0637163510670152
7.935476192485439e-05,0.017399569096345158,0.014163849183538644,0.01359805028595829,0.027842182093807014,0.041999253815039876
5.276128879252922e-05,0.08444668431966,0.044985166281577275,0.06168195334703267,0.24458439814981803,0.04631585536825225
0.00010863937109563002,0.011605420208066049,0.055371339736733,0.024338899089840826,0.28997363933957115,0.04472721329711046
2.971142889810999e-05,0.021434958537160594,0.015978501267922787,0.029842119812089642,0.07704138384533148,0.04507419845411092
0.00010133958102873291,0.10517283035831172,0.08108339213985798,0.09520974518206984,0.09452847489998097,0.05676501980462023
4.456878789601226e-05,0.025528536396992877,0.008955505848578255,0.04943608316308128,0.11652267545363339,0.05244988748580152
5.911188896625617e-05,0.011998226298100392,0.020468391449031065,0.0747439419495126,0.23049345573736021,0.05572705246717437
0.00010253098811759248,0.05804650896912113,0.01870250644852085,0.008529527429834812,0.2647824801864493,0.052123396391423715
5.011066271282293e-05,0.005379166331776939,0.03854569847308432,0.020857637037426217,0.26940323901734436,0.08129542894250728
0.00025940042669663545,0.03960900415237513,0.08172673101016943,0.03788983857482699,0.022522106089287168,0.08186782242604376
0.00016233733832237993,0.023601193953255602,0.040058061033894685,0.06269476580414067,0.05006803639210595,0.07347563516191681
0.0003171971721341255,0.04875804815305615,0.14859062486306654,0.045522235350259885,0.16902957134278065,0.0980292975596385
7.258708798939884e-05,0.024818623877166324,0.045614489141722656,0.05945767306758547,0.18099066960905152,0.044109753305026825
0.00020967863560589654,0.029375821190548494,0.08070154426497876,0.060187264681309346,0.14316527242585644,0.08546219756004747
8.504214100973884e-05,0.018995009231785803,0.012122502432071627,0.013427512359061106,0.20454084975455303,0.03204523258094659
3.763336646757898e-05,0.06405354906959146,0.029850683527696358,0.004249585966946736,0.19062132019099862,0.0422608557898214
9.677084166820065e-05,0.07019177613680656,0.03122757523178383,0.028073532193267064,0.1443851525263204,0.04788645436800284
0.00016385130301113955,0.11875480508450453,0.06646225202683664,0.023689215838033344,0.055574097580651974,0.05141310211290368
8.770533585899336e-05,0.044430316491816245,0.03549964700356511,0.03590003773606914,0.11134799011580365,0.042008337047499934
0.00018687505485602643,0.01428892595726312,0.028779424196268607,0.07384167777909376,0.04378995417939678,0.0643381420328467
8.222940088325812e-05,0.052116004608147214,0.06704006154921546,0.04996227930991574,0.31814142841624404,0.057343025032184185
0.00013908031595734455,0.019527319920188035,0.03753884222289246,0.007283431579585349,0.02993795540631987,0.06201720662441664
0.00017189055918870287,0.07536218936469058,0.03831181793132768,0.03038852724524441,0.20245067299264688,0.05275006598573806
7.662205403260035e-05,0.06604899668880815,0.030688463119585705,0.02010698877637049,0.1329335840692352,0.035415233272201224
0.0001238458218137537,0.05359663746747647,0.03523705800895772,0.01403218945819263,0.12668176547363935,0.06851296607340202
6.539174519298753e-05,0.03428124405604987,0.02096151187809179,0.014142673555463878,0.13384179911863153,0.038385644627228786
0.00021474716871980762,0.0825408756885108,0.06361507222562912,0.012896371868625479,0.14810807407561002,0.06660107487430303
0.0001289175370462262,0.032482510989062255,0.03941844589511323,0.053342422534784474,0.029732818907105406,0.06024139583072987
0.00011760215636121323,0.07980091043784576,0.020028491507326475,0.036903222291866024,0.05845131746037814,0.036875967422238046
0.0002226421654227918,0.017020316397601782,0.0313507893793109,0.01146773228450978,0.18403340535817722,0.06628355091132858
0.00011265781942969755,0.020967690264584418,0.02891422877297075,0.05035008273963586,0.07531737531210071,0.06270512703132856
8.234693471037757e-05,0.02796419574324249,0.06374341289731954,0.04895052442692385,0.04922177194378315,0.07175680338310801
0.0001444175522205521,0.09465287076004604,0.04534284642609885,0.04058605381438999,0.13989761084122482,0.08814718926977141
0.00010526918700885878,0.049902270141942894,0.031014598451242173,0.024555750064764778,0.13983368707406246,0.03715879544146109
6.66215109158605e-05,0.018391415852374155,0.018208238053660317,0.027863490041798257,0.12386151094444381,0.07478497106232089
0.00029016946893097907,0.029005127124031745,0.0501634426774341,0.03868278848249694,0.11240377768107447,0.09011667876959466
9.402016217209734e-05,0.00963740599620829,0.02453391161454551,0.020451328034020725,0.027453921394785547,0.03663928130574261
0.00018898442994647234,0.027825988074243423,0.06835432502270196,0.03356905071375673,0.04611662626664324,0.045872283819124324
0.00026791655691295866,0.05518504415038166,0.05695150418839473,0.02518989798162016,0.11037817745228622,0.08547654757813855
0.00015135366336581962,0.18821651286214802,0.062086795460884844,0.03523819876672357,0.1662120035738323,0.050861964143861196
8.497143866513202e-05,0.012427669236482431,0.008562360056695214,0.04966966001440134,0.10261630273551008,0.06625985524106001
6.841715208245159e-05,0.02652758931604671,0.013808046989163063,0.03243225369323331,0.21691071297012915,0.08377044124132664
9.709121610968388e-05,0.04857108046008149,0.023763412775290316,0.03333858166677653,0.13757385804203492,0.05626749408198176
8.743876468791539e-05,0.0828728735462765,0.02333417117712781,0.026716931898674457,0.08940221883414848,0.059289566996846496
6.172296018582857e-05,0.02076037928819326,0.020406940018231786,0.05132797935463688,0.09451597487587575,0.045866096364337625
5.376623299638403e-05,0.04465340858950433,0.014673017048057273,0.007417648022679896,0.28623139348323134,0.05805810770489524
5.568171531358323e-05,0.043920284926126756,0.02213931599929345,0.024343606315903803,0.07092722460136636,0.04477506644510805
0.00016492113036021183,0.0129633809409737,0.06477070831970297,0.03983087237608726,0.106132971835863,0.05512905655961874
0.00012126538850075414,0.023361815528106587,0.019769497629958298,0.028699046517674437,0.1811388671602129,0.054030556357099066
5.1138366330378925e-05,0.02711012391376161,0.007884340785179477,0.013349894018773824,0.05083405506435248,0.048494034171082986
0.00017075171506669525,0.08863311586439514,0.06991724085076881,0.021775687410495473,0.13319516949963536,0.05643233777427585
5.2171675143891076e-05,0.01245164494982587,0.017961274953283684,0.020367507160963118,0.08494465799452054,0.03933162067850082
8.893828448005806e-05,0.08427067571630661,0.011091263133890424,0.04799612215896198,0.24312033467462416,0.046744730118166135
6.206594241139027e-05,0.01992295121402906,0.018876748687550036,0.013920525870897545,0.1276724211985181,0.03324345156956734
6.384881676737963e-05,0.01804208058826609,0.040412021019348945,0.025426483131451218,0.21799481091944972,0.039765751283966734
6.920608671122014e-05,0.10555110078712343,0.0436040573215301,0.02587532549297325,0.012314039317848255,0.10108381004248967
5.720558971704708e-05,0.019752878103454136,0.019145628851808285,0.006474311571998649,0.26017033145035173,0.04130867918102965
0.00015200591740542418,0.08228560757863358,0.05836804005500418,0.024119090863503372,0.18087193456803496,0.06433129927537447
5.695737585614798e-05,0.01968771117614459,0.019006540480632418,0.020675962489076345,0.07689740189138462,0.03446619292884222
0.00012626828347186018,0.08958865738938002,0.025159384275602242,0.031225044522210928,0.04701565343690178,0.06241488917917325
4.976795294333274e-05,0.04014589037517254,0.03305039485980079,0.00528251699915907,0.09454083164130173,0.06257389715695877
0.00024406381770964756,0.1161497083082974,0.03711898041286839,0.04265714615089704,0.1802365989485715,0.053920249268629435
5.662341537396724e-05,0.016946388381747026,0.023195953923269327,0.030043429383628355,0.02477812293899581,0.04227562630669915
7.839797979770913e-05,0.06495888361581546,0.012593071210866695,0.04461445173462144,0.1410892997379643,0.03290950309187313
0.00014714606026048995,0.09370393462825898,0.023274820036520476,0.05619366082520237,0.06519202192072485,0.09040651067741247
6.058351165340451e-05,0.056613053516910206,0.020047090949014156,0.06707239207487364,0.16930957407606903,0.053523696302463904
9.350576063129079e-05,0.025542808465124536,0.026973802247017814,0.029732299591056954,0.04068709116769155,0.05265857143659029
0.00015743531415847336,0.019333436592661617,0.02364288654782703,0.048105535277068616,0.1293732566428389,0.04843778206117687
2.6906899487616148e-05,0.07978466282718719,0.011271311861176362,0.03865490854471778,0.1878906875329101,0.06043127202326722
7.513104091768998e-05,0.11172442490491356,0.023511568790381587,0.025945038275329235,0.1270818295574835,0.053925049041706676
0.00017459831423359835,0.1706488348541624,0.02792332967570282,0.09744332530554975,0.07653450209014971,0.06673199933129231
0.00011576580245288828,0.024960352929902185,0.06574400421660177,0.04856148287457635,0.11116714955177384,0.0638789915985763
0.00010581727115447326,0.06432051763701363,0.060864809599506464,0.015689900648020724,0.22101029233768968,0.07798854184261787
8.596921465785458e-05,0.03575896280145785,0.017210667387518433,0.028354848821078357,0.30475403038791027,0.04858653459236319
5.3490036374817185e-05,0.047133486533929986,0.026346762499460274,0.029154519537154734,0.08385093838834765,0.08591082798669385
0.00010755872407491094,0.09847763108618122,0.09185575187607674,0.041072932392611804,0.02050868605210083,0.0871455320173875
0.00012287248874900435,0.024802380813623393,0.053427604309252294,0.040820896742420926,0.10318471606771189,0.09183172839049852
0.00018850789066670118,0.06394385766883863,0.07904572196327464,0.04407669070891503,0.21586081654300926,0.07443803161356835
0.00017330170249608073,0.013857022160960537,0.027048073020437685,0.06245229921411713,0.1552088356105371,0.05054459446260985
0.00011371807951659448,0.01350617343004877,0.05678168646897729,0.017553130697106713,0.10578197410520873,0.07834832821946064
7.191462955773188e-05,0.09607326976863036,0.06270725463689175,0.04181542821388798,0.1343226169835437,0.0888623032019071
0.00015541611942839623,0.03176171968284893,0.013945924329258121,0.0030391400947035576,0.16434873422406293,0.05503344458207905
5.512375438215401e-05,0.010260636668326559,0.024947684179369062,0.03993816853347938,0.18053138194964566,0.036359359652201974
0.00011401251847289554,0.055486078620288454,0.0669703936442966,0.0762872519842498,0.136213268560546,0.07402946878139992
0.0001249540887661546,0.08549422219153317,0.025944985829664497,0.0834158654130387,0.20591461117421309,0.07548218067194488
6.0715362956008467e-05,0.0095687856528703,0.004612971338714382,0.011203381412276307,0.11619076099320562,0.032125245175431014
7.759267536870574e-05,0.0077400635972034075,0.06415540330589568,0.012838933562857698,0.08405279377568974,0.05318165450454176
0.00025365195729421696,0.12253613322805393,0.039631570916765294,0.06912241595680654,0.2690224429190871,0.056089673684871395
6.596864250761366e-05,0.09497010840947935,0.017347771210943018,0.04190309626315055,0.1984539360547976,0.04073329131108223
0.00013253223771876864,0.02524291334357218,0.03464992965504744,0.01617297777033288,0.11670581242479497,0.026121794439932313
0.00014461756813854388,0.06255504894354653,0.03509361904052908,0.05550441903252595,0.13225666235157757,0.05046014110567443
0.00012542305124355982,0.06431769046202462,0.02845224212944587,0.06882930406861557,0.04689999240860187,0.0920154553762404
0.00011144537951186631,0.015575602533902977,0.022235840853281588,0.02187917808035496,0.19203942751774677,0.0452389001978003
0.00010176124814116363,0.05894753743399222,0.01078742321029152,0.038114270394757635,0.0800439458398999,0.053570780025052854
5.21854031209176e-05,0.02438977640684431,0.03220418186701487,0.002377100694220422,0.019733905341392615,0.03854993879828335
4.3146167787094314e-05,0.016522696804006025,0.014985364494784676,0.020754624496383326,0.060178414224586675,0.05286797570236077
6.517099377404872e-05,0.04707206724111643,0.055596866698028824,0.04680503918133791,0.2787916207642092,0.05909728106701141
0.00016820748598612103,0.00937673140482813,0.014482193743704469,0.005677691821407137,0.16849226964967323,0.05697014161307658
5.050654618296936e-05,0.09464594665852832,0.019031411735360087,0.031659173018663826,0.22419085434038932,0.04233636749790576
0.0001582095170304317,0.0197291699261257,0.06563943203925257,0.039218056479959636,0.11045123766512166,0.06839964590991505
8.084907861736118e-05,0.039343074298342606,0.002950425266272245,0.0260420070382016,0.0854472733863148,0.05060440585261422
8.57064319904349e-05,0.011657548331036358,0.03442232889828802,0.013082806582539477,0.10127245481792461,0.061751642187102974
0.0001375341586844537,0.02557138515882555,0.060182557183378005,0.05229961937317528,0.12067723720530345,0.0790856467501843
8.816640449190996e-05,0.03909592279223593,0.04606863947773393,0.039426923895932504,0.1628276742109106,0.07208740811303326
4.894977840320915e-05,0.09149186078086119,0.02568338599148103,0.1063894013704522,0.1567832754149054,0.06498866989251133
8.787212388023169e-05,0.017784568167779857,0.02076869682711422,0.06704326858253376,0.17890362178373678,0.053454844589944796
4.420479260964312e-05,0.02877685556377569,0.04337078998007068,0.046441377465170956,0.3312254448988359,0.056654931117509834
7.646305199756491e-05,0.07951713865893659,0.014298296107585283,0.034943860291580024,0.025510906117043014,0.06188668397530953
7.301700756421196e-05,0.022564890903830896,0.0645430183543763,0.043897207504524895,0.2658229084637429,0.04869415512921965
2.660277442100438e-05,0.06059173448059954,0.02991636162722782,0.04173195215616113,0.16473895850085918,0.04681388176661601
9.71924654302929e-05,0.011770844868757641,0.01216105427092901,0.03495190368124738,0.17150040932286859,0.05615864106426625
4.056196828946519e-05,0.06734840737157997,0.02659137104085307,0.01358209140227505,0.09803218970639292,0.0479177228024881
9.195939560512e-05,0.04960195645509458,0.011099884111381724,0.02032421852384145,0.15750007738138003,0.040166357161985786
7.990842653571255e-05,0.02084465895873842,0.03885128137389175,0.021885011918611925,0.35172435923613343,0.049145131568168215
6.448932408350027e-05,0.03007727140404533,0.025212775006169287,0.027566523561757976,0.17078212538071447,0.040617238458157255
6.593486415719832e-05,0.07786415248764955,0.05690729165978285,0.015051739585391027,0.2365684930908032,0.07424746573126971
0.00010327205493686243,0.0211956020057287,0.021637356118792275,0.010857447561209767,0.20481876222643866,0.02207001077029908
8.00337167892807e-05,0.001985328538788093,0.022347138072541003,0.008237651088008162,0.1590538732437781,0.03979266162138022
0.0001770289561132952,0.061632880451586686,0.07315419765005493,0.029129053545752192,0.08126771247307422,0.05749334409441265
9.124986352886196e-05,0.0885838937263684,0.023856947087200077,0.08059481180343958,0.19600586149187754,0.06281395175982653
0.00020999013366798772,0.019698165387146273,0.054614381355071004,0.0343368375623968,0.05655860904065864,0.08015095362645012
0.00011531415742911639,0.029263882626382104,0.022108567913782788,0.01367791561373156,0.2334470616383513,0.05500596133991092
3.482723028741793e-05,0.033459968195239574,0.021982306128930554,0.07888032181538392,0.18289917971684555,0.06825182851124631
0.0002545770489746738,0.032309612797332576,0.009797248555681703,0.11335359898314162,0.17176980942443726,0.06929797657714856
0.00010060001460113926,0.0332258994356285,0.0900466829653711,0.05105951123904566,0.2474996595821628,0.05077094456183886
8.25524428500584e-05,0.01976882421005186,0.0525519799618972,0.027101601915697368,0.13040855294060863,0.04646073484838455
